City_ID,City,Country,Date,Lat,Lng,Max Temp,Humidity,Cloudiness,Wind Speed,Current Weather Description,"Rain (inches, last 3 hrs)","Snow (inches, last 3 hrs)"
0,Cape Town,ZA,2020-01-17 23:44:22,-33.93,18.42,68.0,72,20,27.51,few clouds,0.0,0.0
1,Hovd,MN,2020-01-17 23:46:24,48.01,91.64,2.91,58,97,9.78,overcast clouds,0.0,0.0
2,Hobart,AU,2020-01-17 23:43:47,-42.88,147.33,66.0,44,75,5.82,broken clouds,0.0,0.0
3,Marsa Matruh,EG,2020-01-17 23:46:26,31.35,27.25,51.8,87,40,6.93,scattered clouds,0.0,0.0
4,Vaini,TO,2020-01-17 23:43:55,-21.2,-175.2,82.4,88,90,11.41,overcast clouds,0.0,0.0
5,Esperance,AU,2020-01-17 23:46:27,-33.87,121.9,62.6,88,90,14.99,overcast clouds,0.0,0.0
6,New Norfolk,AU,2020-01-17 23:44:59,-42.78,147.06,66.0,44,75,5.82,broken clouds,0.0,0.0
7,Harbour Breton,CA,2020-01-17 23:46:29,47.48,-55.8,14.59,78,100,45.14,light snow,0.0,0.13
8,Punta Arenas,CL,2020-01-17 23:43:46,-53.15,-70.92,53.6,58,75,38.03,broken clouds,0.0,0.0
9,Mahebourg,MU,2020-01-17 23:43:54,-20.41,57.7,80.6,83,40,11.41,scattered clouds,0.0,0.0
10,Mataura,NZ,2020-01-17 23:43:53,-46.19,168.86,71.08,45,99,2.21,overcast clouds,0.0,0.0
11,Atbasar,KZ,2020-01-17 23:46:31,51.8,68.33,27.77,97,100,8.7,light snow,0.0,0.56
12,Guerrero Negro,MX,2020-01-17 23:44:06,27.98,-114.06,60.6,63,82,12.95,broken clouds,0.0,0.0
13,Kodiak,US,2020-01-17 23:42:43,57.79,-152.41,33.8,64,90,16.11,overcast clouds,0.0,0.0
14,Ushuaia,AR,2020-01-17 23:43:47,-54.8,-68.3,46.4,87,75,23.04,light intensity shower rain,0.0,0.0
15,Honiara,SB,2020-01-17 23:46:33,-9.43,159.95,89.6,66,75,2.24,broken clouds,0.0,0.0
16,Tuatapere,NZ,2020-01-17 23:45:33,-46.13,167.68,74.17,33,85,3.67,overcast clouds,0.0,0.0
17,Karratha,AU,2020-01-17 23:43:26,-20.74,116.85,84.78,73,94,17.83,overcast clouds,0.0,0.0
18,Kyaikkami,MM,2020-01-17 23:46:34,16.08,97.57,77.09,57,0,8.79,clear sky,0.0,0.0
19,Caravelas,BR,2020-01-17 23:46:35,-17.71,-39.25,79.86,83,0,13.4,clear sky,0.0,0.0
20,Busselton,AU,2020-01-17 23:40:38,-33.65,115.33,71.01,36,0,14.99,clear sky,0.0,0.0
21,Werda,BW,2020-01-17 23:46:36,-25.27,23.28,74.07,44,83,12.73,broken clouds,0.0,0.0
22,Thompson,CA,2020-01-17 23:44:29,55.74,-97.86,-5.8,70,90,8.05,overcast clouds,0.0,0.0
23,Hoquiam,US,2020-01-17 23:46:37,46.98,-123.89,41.0,93,75,10.29,broken clouds,0.0,0.0
24,Provideniya,RU,2020-01-17 23:45:22,64.38,-173.3,4.87,94,99,7.16,overcast clouds,0.0,0.0
25,Puerto Ayora,EC,2020-01-17 23:44:20,-0.74,-90.35,84.2,66,40,13.87,scattered clouds,0.0,0.0
26,Sur,OM,2020-01-17 23:46:41,22.57,59.53,62.73,57,5,8.59,clear sky,0.0,0.0
27,Cidreira,BR,2020-01-17 23:46:42,-30.18,-50.21,72.64,51,13,10.94,few clouds,0.0,0.0
28,Muravlenko,RU,2020-01-17 23:46:42,63.79,74.52,0.1,93,55,19.62,broken clouds,0.0,0.0
29,Tiksi,RU,2020-01-17 23:45:08,71.69,128.87,-15.86,87,19,12.15,few clouds,0.0,0.0
30,Tabou,CI,2020-01-17 23:46:46,4.42,-7.35,77.9,90,17,3.24,few clouds,0.0,0.0
31,Qaanaaq,GL,2020-01-17 23:44:52,77.48,-69.36,-15.5,61,0,7.49,clear sky,0.0,0.0
32,Ilulissat,GL,2020-01-17 23:44:13,69.22,-51.1,3.2,49,95,14.99,overcast clouds,0.0,0.0
33,Ust-Omchug,RU,2020-01-17 23:46:47,61.15,149.63,-17.27,96,100,4.27,overcast clouds,0.0,0.0
34,Qaqortoq,GL,2020-01-17 23:46:48,60.72,-46.03,23.0,62,100,2.24,light snow,0.0,0.56
35,Armasesti,RO,2020-01-17 23:46:49,44.75,26.58,35.01,78,90,4.7,mist,0.0,0.0
36,Clearwater,US,2020-01-17 23:46:49,27.97,-82.8,73.4,53,1,11.41,clear sky,0.0,0.0
37,Victoria,HK,2020-01-17 23:45:10,22.29,114.16,62.01,59,20,5.82,few clouds,0.0,0.0
38,Quatre Cocos,MU,2020-01-17 23:45:14,-20.21,57.76,80.6,83,40,11.41,scattered clouds,0.0,0.0
39,Yellowknife,CA,2020-01-17 23:43:47,62.46,-114.35,-14.8,75,75,3.36,light snow,0.0,0.0
40,Lukulu,ZM,2020-01-17 23:46:51,-14.37,23.24,69.6,87,100,3.74,light rain,0.31,0.0
41,Albany,US,2020-01-17 23:40:21,42.6,-73.97,15.01,43,20,9.17,few clouds,0.0,0.0
42,Kaseda,JP,2020-01-17 23:46:52,31.42,130.32,39.2,93,40,6.93,scattered clouds,0.0,0.0
43,Savannah Bight,HN,2020-01-17 23:46:53,16.45,-85.85,79.39,82,6,20.54,light rain,0.75,0.0
44,Georgetown,MY,2020-01-17 23:44:52,5.41,100.34,80.6,78,20,2.24,few clouds,0.0,0.0
45,Ambilobe,MG,2020-01-17 23:46:54,-13.2,49.05,76.03,91,100,2.28,light rain,0.56,0.0
46,North Bend,US,2020-01-17 23:46:55,43.41,-124.22,46.99,93,90,9.17,light rain,0.0,0.0
47,Severo-Kurilsk,RU,2020-01-17 23:44:23,50.68,156.12,17.38,86,99,15.99,light snow,0.0,0.38
48,Bluff,NZ,2020-01-17 23:43:43,-46.6,168.33,68.85,49,100,3.94,overcast clouds,0.0,0.0
49,San Cristobal,VE,2020-01-17 23:46:57,7.77,-72.22,86.0,58,40,8.05,scattered clouds,0.0,0.0
50,Olafsvik,IS,2020-01-17 23:46:58,64.89,-23.71,33.24,67,44,17.36,light snow,0.0,0.56
51,Ayagoz,KZ,2020-01-17 23:46:59,47.97,80.44,16.43,90,100,28.12,light snow,0.0,0.44
52,George,ZA,2020-01-17 23:46:59,-33.96,22.46,62.6,93,100,10.29,heavy intensity drizzle,0.0,0.0
53,Arraial Do Cabo,BR,2020-01-17 23:44:36,-22.97,-42.03,75.97,78,100,19.26,light rain,0.38,0.0
54,Kavaratti,IN,2020-01-17 23:47:01,10.57,72.64,79.95,74,54,13.96,broken clouds,0.0,0.0
55,Linxia,CN,2020-01-17 23:47:02,35.6,103.21,16.68,94,100,5.37,light snow,0.0,0.38
56,Saquarema,BR,2020-01-17 23:47:02,-22.92,-42.51,75.2,78,90,8.05,light rain,0.0,0.0
57,Wajid,SO,2020-01-17 23:47:03,3.81,43.25,71.6,39,43,18.32,scattered clouds,0.0,0.0
58,Faanui,PF,2020-01-17 23:47:04,-16.48,-151.75,82.33,77,4,21.99,clear sky,0.0,0.0
59,Meulaboh,ID,2020-01-17 23:44:02,4.14,96.13,82.09,77,86,9.28,overcast clouds,0.0,0.0
60,Kruisfontein,ZA,2020-01-17 23:47:30,-34.0,24.73,63.77,92,100,14.92,light rain,2.63,0.0
61,Artyom,AZ,2020-01-17 23:47:32,40.47,50.33,42.8,87,75,6.93,broken clouds,0.0,0.0
62,Grindavik,IS,2020-01-17 23:47:32,63.84,-22.43,30.2,80,75,12.75,shower rain,0.0,0.0
63,Pamanukan,ID,2020-01-17 23:47:33,-6.28,107.81,78.91,83,87,3.09,overcast clouds,0.0,0.0
64,Tanabe,JP,2020-01-17 23:47:34,33.73,135.37,42.8,87,75,4.7,broken clouds,0.0,0.0
65,Flinders,AU,2020-01-17 23:44:13,-34.58,150.86,71.01,93,100,14.99,light rain,1.56,0.0
66,Upernavik,GL,2020-01-17 23:45:41,72.79,-56.15,-12.87,58,21,2.82,few clouds,0.0,0.0
67,Rikitea,PF,2020-01-17 23:43:44,-23.12,-134.97,77.5,81,25,16.46,scattered clouds,0.0,0.0
68,Khatanga,RU,2020-01-17 23:47:36,71.97,102.5,-6.74,98,100,1.25,light snow,0.0,0.31
69,Mehamn,NO,2020-01-17 23:44:07,71.04,27.85,23.0,79,31,23.04,scattered clouds,0.0,0.0
70,Sitka,US,2020-01-17 23:47:38,57.05,-135.33,24.8,41,20,18.34,few clouds,0.0,0.0
71,Iqaluit,CA,2020-01-17 23:47:39,63.75,-68.51,-13.0,69,75,6.93,light snow,0.0,0.0
72,Lavrentiya,RU,2020-01-17 23:47:39,65.58,-171.0,1.45,93,92,4.32,overcast clouds,0.0,0.0
73,Bethel,US,2020-01-17 23:41:59,41.37,-73.41,27.0,48,5,4.7,clear sky,0.0,0.0
74,Poltavka,RU,2020-01-17 23:47:40,54.37,71.76,-1.03,97,29,5.17,scattered clouds,0.0,0.0
75,Palauig,PH,2020-01-17 23:47:41,15.44,119.9,76.68,73,2,0.07,clear sky,0.0,0.0
76,At-Bashi,KG,2020-01-17 23:47:42,41.17,75.81,-8.86,20,0,8.57,clear sky,0.0,0.0
77,Nemuro,JP,2020-01-17 23:47:42,43.32,145.57,27.16,66,0,5.08,clear sky,0.0,0.0
78,Lamu,KE,2020-01-17 23:47:44,-2.27,40.9,81.07,79,54,18.19,broken clouds,0.0,0.0
79,Weihai,CN,2020-01-17 23:47:44,37.5,122.11,34.61,68,60,9.1,broken clouds,0.0,0.0
80,Hami,CN,2020-01-17 23:47:45,42.8,93.45,8.65,44,4,1.63,clear sky,0.0,0.0
81,Avarua,CK,2020-01-17 23:44:09,-21.21,-159.78,84.2,83,87,14.99,overcast clouds,0.0,0.0
82,Vung Tau,VN,2020-01-17 23:47:47,10.35,107.08,73.24,80,4,3.8,clear sky,0.0,0.0
83,Yerofey Pavlovich,RU,2020-01-17 23:47:48,53.97,121.97,-11.63,94,90,1.77,overcast clouds,0.0,0.0
84,Nelson Bay,AU,2020-01-17 23:45:14,-32.72,152.15,73.0,100,90,6.93,light intensity shower rain,0.0,0.0
85,Sabha,LY,2020-01-17 23:47:49,27.04,14.43,49.05,68,0,8.32,clear sky,0.0,0.0
86,Salalah,OM,2020-01-17 23:47:49,17.02,54.09,68.0,37,0,8.05,clear sky,0.0,0.0
87,Salinopolis,BR,2020-01-17 23:47:50,-0.61,-47.36,82.11,81,93,16.13,overcast clouds,0.0,0.0
88,Hermanus,ZA,2020-01-17 23:43:45,-34.42,19.23,66.0,89,100,8.99,light rain,0.69,0.0
89,Namalenga,TZ,2020-01-17 23:47:51,-10.95,39.1,72.41,97,100,1.66,overcast clouds,0.0,0.0
90,Aklavik,CA,2020-01-17 23:45:31,68.22,-135.01,-0.4,83,20,9.17,few clouds,0.0,0.0
91,Belyy Yar,RU,2020-01-17 23:47:52,53.6,91.39,24.8,68,100,22.37,overcast clouds,0.0,0.0
92,Laguna,US,2020-01-17 23:44:47,38.42,-121.42,52.0,93,75,6.93,broken clouds,0.0,0.0
93,Touros,BR,2020-01-17 23:46:09,-5.2,-35.46,77.0,94,75,4.7,light rain,0.0,0.0
94,Tangua,BR,2020-01-17 23:47:54,-22.73,-42.71,75.2,78,90,8.05,light rain,0.0,0.0
95,Naze,JP,2020-01-17 23:47:54,28.37,129.48,60.8,67,75,12.75,broken clouds,0.0,0.0
96,Sobolevo,RU,2020-01-17 23:47:55,54.43,31.9,28.35,95,2,5.59,clear sky,0.0,0.0
97,Narsaq,GL,2020-01-17 23:44:26,60.92,-46.05,23.0,62,100,2.24,snow,0.0,3.94
98,Norman Wells,CA,2020-01-17 23:47:56,65.28,-126.83,-16.6,82,5,4.7,clear sky,0.0,0.0
99,Kapaa,US,2020-01-17 23:44:31,22.08,-159.32,78.8,64,75,21.92,broken clouds,0.0,0.0
100,Hasaki,JP,2020-01-17 23:47:57,35.73,140.83,39.2,93,75,17.22,moderate rain,0.0,0.0
101,Takoradi,GH,2020-01-17 23:47:59,4.88,-1.76,78.17,88,0,3.56,clear sky,0.0,0.0
102,Markova,UA,2020-01-17 23:47:59,48.68,24.41,32.16,61,0,5.66,clear sky,0.0,0.0
103,Watertown,US,2020-01-17 23:48:00,42.37,-71.18,19.99,31,1,13.87,clear sky,0.0,0.0
104,Taoudenni,ML,2020-01-17 23:45:13,22.68,-3.98,58.5,33,0,11.7,clear sky,0.0,0.0
105,Port Elizabeth,ZA,2020-01-17 23:45:27,-33.92,25.57,69.8,77,90,12.75,overcast clouds,0.0,0.0
106,Angoche,MZ,2020-01-17 23:48:02,-16.23,39.91,76.68,94,100,3.83,overcast clouds,0.0,0.0
107,Tuktoyaktuk,CA,2020-01-17 23:48:02,69.45,-133.04,-7.6,83,20,14.99,few clouds,0.0,0.0
108,Souillac,MU,2020-01-17 23:48:04,-20.52,57.52,80.6,83,40,11.41,scattered clouds,0.0,0.0
109,Folldal,NO,2020-01-17 23:48:05,62.13,10.0,29.89,96,100,6.87,overcast clouds,0.0,0.0
110,Atuona,PF,2020-01-17 23:44:22,-9.8,-139.03,82.13,74,68,18.99,broken clouds,0.0,0.0
111,Saint-Pierre,RE,2020-01-17 23:48:06,-21.34,55.48,78.8,78,90,4.7,overcast clouds,0.0,0.0
112,Calvinia,ZA,2020-01-17 23:48:06,-31.47,19.78,71.11,60,26,11.92,scattered clouds,0.0,0.0
113,Barrow,US,2020-01-17 23:43:37,71.29,-156.79,-2.2,77,1,9.17,clear sky,0.0,0.0
114,Los Llanos De Aridane,ES,2020-01-17 23:48:08,28.66,-17.92,60.8,63,0,9.17,clear sky,0.0,0.0
115,Santo Antonio Do Amparo,BR,2020-01-17 23:48:09,-20.95,-44.92,67.19,93,100,9.08,light rain,1.94,0.0
116,Tasiilaq,GL,2020-01-17 23:44:05,65.61,-37.64,15.8,61,0,2.1,clear sky,0.0,0.0
117,Alice Springs,AU,2020-01-17 23:45:12,-23.7,133.88,87.8,17,2,9.17,clear sky,0.0,0.0
118,Kahului,US,2020-01-17 23:48:10,20.89,-156.47,77.0,73,75,11.41,broken clouds,0.0,0.0
119,Hamilton,US,2020-01-17 23:43:38,39.18,-84.53,34.0,50,90,6.93,overcast clouds,0.0,0.0
120,Biak,ID,2020-01-17 23:45:06,-0.91,122.88,81.95,75,43,4.07,scattered clouds,0.0,0.0
121,Yerbogachen,RU,2020-01-17 23:48:12,61.28,108.01,6.22,92,99,10.89,overcast clouds,0.0,0.0
122,Boa Vista,BR,2020-01-17 23:48:12,2.82,-60.67,87.8,52,20,6.93,few clouds,0.0,0.0
123,Castro,BR,2020-01-17 23:47:59,-24.79,-50.01,60.87,88,99,7.58,overcast clouds,0.0,0.0
124,Jamestown,US,2020-01-17 23:44:33,42.1,-79.24,19.99,66,1,3.36,clear sky,0.0,0.0
125,East London,ZA,2020-01-17 23:44:53,-33.02,27.91,75.27,86,100,18.79,light rain,1.06,0.0
126,Port Alfred,ZA,2020-01-17 23:45:13,-33.59,26.89,68.0,96,95,4.0,light rain,1.31,0.0
127,Mopti,ML,2020-01-17 23:48:16,14.67,-4.0,67.86,19,0,11.52,clear sky,0.0,0.0
128,Chapais,CA,2020-01-17 23:47:41,49.78,-74.85,-16.6,75,1,4.7,clear sky,0.0,0.0
129,Vincennes,FR,2020-01-17 23:48:17,48.85,2.43,42.01,75,49,8.05,scattered clouds,0.0,0.0
130,Dikson,RU,2020-01-17 23:48:18,73.51,80.55,-13.11,100,100,10.18,overcast clouds,0.0,0.0
131,Sorland,NO,2020-01-17 23:48:18,67.67,12.69,37.89,81,100,16.82,light rain,0.25,0.0
132,Carnarvon,AU,2020-01-17 23:48:19,-24.87,113.63,78.8,74,75,17.22,broken clouds,0.0,0.0
133,Bambous Virieux,MU,2020-01-17 23:45:26,-20.34,57.76,80.6,83,40,11.41,scattered clouds,0.0,0.0
134,Goderich,CA,2020-01-17 23:48:20,43.75,-81.72,17.01,72,93,5.99,overcast clouds,0.0,0.0
135,Walvis Bay,NA,2020-01-17 23:48:21,-22.96,14.51,68.0,93,13,2.24,few clouds,0.0,0.0
136,Leshukonskoye,RU,2020-01-17 23:48:22,64.9,45.76,12.33,95,79,4.85,broken clouds,0.0,0.0
137,Canon City,US,2020-01-17 23:48:23,38.44,-105.24,44.6,33,1,21.92,clear sky,0.0,0.0
138,Rocha,UY,2020-01-17 23:39:26,-34.48,-54.33,55.65,62,0,4.07,clear sky,0.0,0.0
139,Dudinka,RU,2020-01-17 23:48:22,69.41,86.18,-18.4,75,99,8.95,overcast clouds,0.0,0.0
140,Saint-Philippe,RE,2020-01-17 23:45:49,-21.36,55.77,78.8,78,90,4.7,overcast clouds,0.0,0.0
141,Katsuura,JP,2020-01-17 23:48:25,35.13,140.3,39.2,93,75,21.92,light rain,0.0,0.0
142,Ust-Maya,RU,2020-01-17 23:48:26,60.42,134.53,-19.23,99,100,1.99,overcast clouds,0.0,0.0
143,Kamenka,RU,2020-01-17 23:48:26,51.32,42.77,34.0,96,100,7.0,overcast clouds,0.0,0.0
144,Zharkovskiy,RU,2020-01-17 23:48:27,55.85,32.27,29.59,97,87,5.7,overcast clouds,0.0,0.0
145,Pastavy,BY,2020-01-17 23:48:28,55.12,26.83,32.38,79,5,11.21,clear sky,0.0,0.0
146,Sisimiut,GL,2020-01-17 23:48:28,66.94,-53.67,-1.28,74,26,8.12,scattered clouds,0.0,0.0
147,Along,IN,2020-01-17 23:48:29,28.17,94.77,49.95,89,28,3.96,scattered clouds,0.0,0.0
148,Dingle,PH,2020-01-17 23:48:30,11.0,122.67,78.39,86,0,9.17,clear sky,0.0,0.0
149,Adrar,MR,2020-01-17 23:48:31,20.5,-10.07,60.8,20,2,13.91,clear sky,0.0,0.0
150,Yatou,CN,2020-01-17 23:48:32,37.15,122.38,31.84,71,1,9.15,clear sky,0.0,0.0
151,Bubaque,GW,2020-01-17 23:48:32,11.28,-15.83,77.97,58,0,9.13,clear sky,0.0,0.0
152,Pisco,PE,2020-01-17 23:45:04,-13.7,-76.22,71.6,30,99,24.16,overcast clouds,0.0,0.0
153,Floro,NO,2020-01-17 23:48:34,61.6,5.03,46.0,75,43,26.4,scattered clouds,0.0,0.0
154,Beloha,MG,2020-01-17 23:48:35,-25.17,45.05,70.03,98,11,5.17,few clouds,0.0,0.0
155,Buala,SB,2020-01-17 23:48:35,-8.14,159.59,85.71,65,71,9.95,broken clouds,0.0,0.0
156,Butaritari,KI,2020-01-17 23:45:28,3.07,172.79,84.09,79,98,16.71,overcast clouds,0.0,0.0
157,Ojinaga,MX,2020-01-17 23:48:36,29.57,-104.42,62.01,67,1,2.39,clear sky,0.0,0.0
158,Kaitangata,NZ,2020-01-17 23:44:25,-46.28,169.85,56.71,85,67,4.65,broken clouds,0.0,0.0
159,Xining,CN,2020-01-17 23:45:01,36.62,101.77,14.18,87,100,1.81,overcast clouds,0.0,0.0
160,Baghdad,IQ,2020-01-17 23:48:38,33.34,44.4,53.6,76,17,9.17,few clouds,0.0,0.0
161,Luderitz,NA,2020-01-17 23:48:29,-26.65,15.16,71.6,73,37,18.34,scattered clouds,0.0,0.0
162,Saint George,US,2020-01-17 23:43:37,37.1,-113.58,51.8,26,1,8.05,clear sky,0.0,0.0
163,Saldanha,ZA,2020-01-17 23:45:28,-33.01,17.94,64.4,72,0,21.92,clear sky,0.0,0.0
164,Petatlan,MX,2020-01-17 23:48:41,17.52,-101.27,87.8,62,75,5.82,broken clouds,0.0,0.0
165,Ribeira Grande,PT,2020-01-17 23:48:42,38.52,-28.7,57.94,89,88,7.47,overcast clouds,0.0,0.0
166,Luganville,VU,2020-01-17 23:48:42,-15.53,167.17,84.2,66,40,3.36,haze,0.0,0.0
167,Puerto Madero,MX,2020-01-17 23:48:44,14.72,-92.42,87.8,58,5,6.93,smoke,0.0,0.0
168,Hurghada,EG,2020-01-17 23:48:21,27.26,33.81,59.0,54,83,11.41,broken clouds,0.0,0.0
169,Vossevangen,NO,2020-01-17 23:48:46,60.62,6.42,41.0,91,100,1.01,light snow,0.0,1.25
170,Hilo,US,2020-01-17 23:40:00,19.73,-155.09,77.0,78,90,18.34,overcast clouds,0.0,0.0
171,Uige,AO,2020-01-17 23:48:47,-7.61,15.06,67.98,99,96,0.87,light rain,2.75,0.0
172,Cedar City,US,2020-01-17 23:48:48,37.68,-113.06,37.4,34,1,6.93,clear sky,0.0,0.0
173,Vila,PT,2020-01-17 23:48:48,42.03,-8.16,54.0,81,40,6.93,scattered clouds,0.0,0.0
174,Wismar,DE,2020-01-17 23:48:49,53.9,11.47,46.99,95,100,5.01,light rain,0.38,0.0
175,Verkh-Usugli,RU,2020-01-17 23:48:50,52.7,115.17,-7.49,92,0,2.57,clear sky,0.0,0.0
176,Atar,MR,2020-01-17 23:43:25,20.52,-13.05,63.45,16,0,20.29,clear sky,0.0,0.0
177,Aleysk,RU,2020-01-17 23:48:55,52.49,82.78,24.91,92,100,30.94,snow,0.0,1.56
178,Porbandar,IN,2020-01-17 23:48:56,21.64,69.61,65.26,46,23,11.74,few clouds,0.0,0.0
179,Cherskiy,RU,2020-01-17 23:48:56,68.75,161.3,-25.26,86,45,2.26,scattered clouds,0.0,0.0
180,Port Hardy,CA,2020-01-17 23:45:47,50.7,-127.42,32.0,79,90,27.51,overcast clouds,0.0,0.0
181,Nikolskoye,RU,2020-01-17 23:43:42,59.7,30.79,39.2,80,90,6.71,overcast clouds,0.0,0.0
182,Dzaoudzi,YT,2020-01-17 23:48:58,-12.79,45.27,80.6,88,99,9.17,moderate rain,4.38,0.0
183,Lasa,IT,2020-01-17 23:45:38,46.62,10.7,33.01,79,75,2.24,broken clouds,0.0,0.0
184,Abnub,EG,2020-01-17 23:48:59,27.27,31.15,51.8,71,3,8.05,clear sky,0.0,0.0
185,Namibe,AO,2020-01-17 23:44:08,-15.2,12.15,74.8,84,100,9.24,overcast clouds,0.0,0.0
186,Sao Joao Da Barra,BR,2020-01-17 23:49:00,-21.64,-41.05,75.88,92,91,21.79,moderate rain,3.87,0.0
187,Hirara,JP,2020-01-17 23:49:01,24.8,125.28,62.6,63,75,13.87,broken clouds,0.0,0.0
188,Ust-Kuyga,RU,2020-01-17 23:49:02,70.02,135.6,-29.0,97,62,8.77,broken clouds,0.0,0.0
189,Kimbe,PG,2020-01-17 23:49:02,-5.55,150.14,82.24,82,100,7.67,moderate rain,3.69,0.0
190,Bredasdorp,ZA,2020-01-17 23:43:41,-34.53,20.04,64.4,77,100,11.41,light rain,0.63,0.0
191,College,US,2020-01-17 23:49:04,64.86,-147.8,3.0,75,1,0.63,clear sky,0.0,0.0
192,Kiunga,PG,2020-01-17 23:49:05,-6.12,141.29,82.02,80,97,1.39,overcast clouds,0.0,0.0
193,Ponta Do Sol,PT,2020-01-17 23:49:05,32.67,-17.1,62.6,77,20,2.24,few clouds,0.0,0.0
194,Vallenar,CL,2020-01-17 23:49:06,-28.57,-70.76,61.11,78,85,3.49,overcast clouds,0.0,0.0
195,Jaisalmer,IN,2020-01-17 23:49:07,26.91,70.92,51.31,39,0,3.51,clear sky,0.0,0.0
196,Salacgriva,LV,2020-01-17 23:49:08,57.75,24.36,30.99,91,30,4.0,scattered clouds,0.0,0.0
197,Minab,IR,2020-01-17 23:49:09,27.15,57.08,53.6,58,20,6.93,few clouds,0.0,0.0
198,Nanortalik,GL,2020-01-17 23:49:10,60.14,-45.24,24.62,81,100,19.73,snow,0.0,1.69
199,Chokurdakh,RU,2020-01-17 23:45:41,70.63,147.92,-26.91,97,60,2.71,broken clouds,0.0,0.0
200,Praia,CV,2020-01-17 23:45:32,14.92,-23.51,69.8,77,10,16.11,clear sky,0.0,0.0
201,Wajir,KE,2020-01-17 23:49:11,1.75,40.06,80.56,32,100,11.21,overcast clouds,0.0,0.0
202,Chuy,UY,2020-01-17 23:49:12,-33.7,-53.46,61.83,61,0,8.19,clear sky,0.0,0.0
203,Ashland,US,2020-01-17 23:49:12,40.82,-82.27,28.99,58,1,5.82,clear sky,0.0,0.0
204,Pimentel,PE,2020-01-17 23:49:13,-6.84,-79.93,66.2,29,0,19.46,clear sky,0.0,0.0
205,Shingu,JP,2020-01-17 23:49:14,33.73,135.98,42.8,87,75,4.7,broken clouds,0.0,0.0
206,Longyearbyen,SJ,2020-01-17 23:44:15,78.22,15.64,-5.8,83,40,9.17,scattered clouds,0.0,0.0
207,Bereda,ES,2020-01-17 23:49:15,43.27,-7.54,51.01,71,100,9.17,overcast clouds,0.0,0.0
208,Namatanai,PG,2020-01-17 23:49:16,-3.67,152.43,85.39,71,84,9.78,light rain,0.31,0.0
209,Magura Ilvei,RO,2020-01-17 23:49:16,47.38,24.8,28.42,32,0,1.3,clear sky,0.0,0.0
210,Nicoya,CR,2020-01-17 23:45:07,10.15,-85.45,86.0,55,40,26.4,scattered clouds,0.0,0.0
211,Sept-Iles,CA,2020-01-17 23:49:19,50.2,-66.38,-2.2,44,5,4.7,clear sky,0.0,0.0
212,Paamiut,GL,2020-01-17 23:44:00,61.99,-49.67,21.0,83,100,17.78,snow,0.0,1.94
213,Kitui,KE,2020-01-17 23:49:20,-1.37,38.01,69.12,67,85,4.92,overcast clouds,0.0,0.0
214,Fairbanks,US,2020-01-17 23:46:18,64.84,-147.72,-17.0,75,1,0.34,clear sky,0.0,0.0
215,Santa Cruz,BO,2020-01-17 23:49:21,-17.8,-63.17,86.0,62,75,4.7,broken clouds,0.0,0.0
216,Lebu,CL,2020-01-17 23:44:50,-37.62,-73.65,66.27,63,0,6.78,clear sky,0.0,0.0
217,Flin Flon,CA,2020-01-17 23:49:22,54.77,-101.86,-4.0,76,90,5.82,light snow,0.0,0.0
218,Chaman,PK,2020-01-17 23:49:23,30.92,66.45,29.3,71,0,2.73,clear sky,0.0,0.0
219,Nalobikha,RU,2020-01-17 23:49:24,53.2,84.6,22.24,90,100,23.38,light snow,0.0,1.06
220,Trairi,BR,2020-01-17 23:49:24,-3.28,-39.27,75.85,89,100,1.36,overcast clouds,0.0,0.0
221,Oksfjord,NO,2020-01-17 23:49:26,70.24,22.35,21.2,73,32,18.34,scattered clouds,0.0,0.0
222,Egvekinot,RU,2020-01-17 23:49:28,66.32,-179.17,13.77,94,100,5.19,overcast clouds,0.0,0.0
223,Mar Del Plata,AR,2020-01-17 23:45:11,-38.0,-57.56,71.01,64,0,5.82,clear sky,0.0,0.0
224,Leh,IN,2020-01-17 23:45:11,34.17,77.58,-5.49,96,100,2.93,light snow,0.0,0.13
225,Bengkulu,ID,2020-01-17 23:43:59,-3.8,102.27,73.8,93,93,3.38,light rain,0.5,0.0
226,Virginia Beach,US,2020-01-17 23:49:30,36.85,-75.98,37.99,51,1,5.82,clear sky,0.0,0.0
227,Aloleng,PH,2020-01-17 23:49:31,16.13,119.78,76.41,85,91,3.74,overcast clouds,0.0,0.0
228,Eureka,US,2020-01-17 23:45:39,40.8,-124.16,51.8,53,90,4.7,overcast clouds,0.0,0.0
229,Savelugu,GH,2020-01-17 23:49:32,9.62,-0.83,78.85,20,12,8.84,few clouds,0.0,0.0
230,Bambanglipuro,ID,2020-01-17 23:44:18,-7.95,110.28,77.34,79,65,2.06,broken clouds,0.0,0.0
231,Veinticinco De Mayo,AR,2020-01-17 23:45:36,-35.43,-60.17,75.99,61,0,1.99,clear sky,0.0,0.0
232,Faya,SA,2020-01-17 23:49:35,18.39,42.45,51.8,53,0,4.47,clear sky,0.0,0.0
233,Wagar,SD,2020-01-17 23:49:35,16.15,36.2,67.23,23,0,15.61,clear sky,0.0,0.0
234,Turukhansk,RU,2020-01-17 23:49:36,65.82,87.98,-14.19,95,100,9.46,light snow,0.0,0.25
235,Nuuk,GL,2020-01-17 23:49:37,64.18,-51.72,15.8,56,100,17.22,overcast clouds,0.0,0.0
236,Silopi,TR,2020-01-17 23:49:37,37.25,42.47,44.76,85,99,10.69,light rain,1.0,0.0
237,Bathsheba,BB,2020-01-17 23:49:38,13.22,-59.52,78.8,78,40,12.75,scattered clouds,0.0,0.0
238,Kulhudhuffushi,MV,2020-01-17 23:49:39,6.62,73.07,80.96,71,75,12.33,broken clouds,0.0,0.0
239,Palu,ID,2020-01-17 23:49:40,-0.89,119.87,74.19,82,54,2.15,broken clouds,0.0,0.0
240,Vuktyl,RU,2020-01-17 23:49:40,63.86,57.31,14.59,95,100,7.07,light snow,0.0,0.75
241,Hithadhoo,MV,2020-01-17 23:42:31,-0.6,73.08,82.22,78,90,15.82,light rain,0.13,0.0
242,Noumea,NC,2020-01-17 23:46:09,-22.28,166.46,82.0,65,75,8.05,broken clouds,0.0,0.0
243,Saint-Andre-Avellin,CA,2020-01-17 23:49:42,45.72,-75.07,1.99,70,20,8.05,few clouds,0.0,0.0
244,Damara,CF,2020-01-17 23:49:42,4.96,18.7,73.4,78,24,2.24,few clouds,0.0,0.0
245,Lethem,GY,2020-01-17 23:49:43,3.38,-59.8,88.57,49,57,13.47,broken clouds,0.0,0.0
246,Saint-Joseph,RE,2020-01-17 23:49:43,-21.37,55.62,78.8,78,90,4.7,overcast clouds,0.0,0.0
247,Labytnangi,RU,2020-01-17 23:49:44,66.66,66.42,2.64,86,0,11.27,clear sky,0.0,0.0
248,Sola,VU,2020-01-17 23:43:59,-13.88,167.55,89.6,66,40,11.41,scattered clouds,0.0,0.0
249,Dauphin,CA,2020-01-17 23:45:01,51.15,-100.05,-0.4,70,90,3.36,light snow,0.0,0.0
250,Hofn,IS,2020-01-17 23:49:46,64.25,-15.21,38.53,50,80,18.25,broken clouds,0.0,0.0
251,Mabaruma,GY,2020-01-17 23:49:47,8.2,-59.78,73.83,95,62,2.91,broken clouds,0.0,0.0
252,Portland,US,2020-01-17 23:48:34,45.52,-122.68,43.0,86,90,10.29,light rain,0.0,0.0
253,Port Macquarie,AU,2020-01-17 23:44:26,-31.43,152.92,73.99,88,75,6.93,broken clouds,0.0,0.0
254,San Nicolas,PH,2020-01-17 23:49:48,18.17,120.6,71.6,88,40,4.7,scattered clouds,0.0,0.0
255,Taungdwingyi,MM,2020-01-17 23:49:49,20.02,95.55,60.06,61,0,1.88,clear sky,0.0,0.0
256,Atikokan,CA,2020-01-17 23:49:50,48.76,-91.62,15.19,84,100,10.11,overcast clouds,0.0,0.0
257,Hobyo,SO,2020-01-17 23:49:50,5.35,48.53,74.25,67,5,16.33,clear sky,0.0,0.0
258,Kansk,RU,2020-01-17 23:49:51,56.2,95.72,19.33,91,100,22.06,light snow,0.0,0.56
259,Mahanoro,MG,2020-01-17 23:49:52,-19.9,48.8,78.73,86,100,21.34,light rain,0.44,0.0
260,Quelimane,MZ,2020-01-17 23:49:52,-17.88,36.89,79.99,89,100,3.58,light rain,0.44,0.0
261,Karachi,PK,2020-01-17 23:45:44,24.91,67.08,48.2,45,0,5.82,clear sky,0.0,0.0
262,Acapulco,MX,2020-01-17 23:46:02,16.86,-99.89,86.0,70,75,4.7,broken clouds,0.0,0.0
263,Riyadh,SA,2020-01-17 23:46:31,24.69,46.72,57.2,40,0,9.17,clear sky,0.0,0.0
264,Whitecourt,CA,2020-01-17 23:49:55,54.15,-115.69,-14.8,62,40,10.29,scattered clouds,0.0,0.0
265,Hendek,TR,2020-01-17 23:49:56,40.8,30.75,42.8,100,75,3.36,light rain,0.0,0.0
266,Kaeo,NZ,2020-01-17 23:49:56,-35.1,173.78,86.0,52,0,1.99,clear sky,0.0,0.0
267,Broome,US,2020-01-17 23:49:57,42.25,-75.83,14.0,84,1,6.2,clear sky,0.0,0.0
268,Robertson,US,2020-01-17 23:49:58,36.52,-86.87,44.6,48,90,5.82,overcast clouds,0.0,0.0
269,Fushun,CN,2020-01-17 23:49:58,41.86,123.92,1.4,77,17,2.24,smoke,0.0,0.0
270,Isangel,VU,2020-01-17 23:49:59,-19.55,169.27,84.2,74,75,6.93,broken clouds,0.0,0.0
271,Bismarck,US,2020-01-17 23:46:06,46.81,-100.78,26.6,92,90,24.16,mist,0.0,0.0
272,Kyzyl-Mazhalyk,RU,2020-01-17 23:50:01,51.13,90.6,-2.6,91,100,1.07,overcast clouds,0.0,0.0
273,Itaborai,BR,2020-01-17 23:50:01,-22.74,-42.86,75.2,78,90,8.05,light rain,0.0,0.0
274,Mount Isa,AU,2020-01-17 23:50:02,-20.73,139.5,89.6,15,0,12.75,clear sky,0.0,0.0
275,Mount Gambier,AU,2020-01-17 23:45:17,-37.83,140.77,66.2,68,90,8.05,overcast clouds,0.0,0.0
276,Petropavlovsk-Kamchatskiy,RU,2020-01-17 23:43:48,53.05,158.65,5.0,77,20,6.71,few clouds,0.0,0.0
277,Tokur,RU,2020-01-17 23:50:05,53.13,132.9,-14.8,96,100,1.66,overcast clouds,0.0,0.0
278,Mocajuba,BR,2020-01-17 23:50:06,-2.58,-49.51,77.74,86,94,5.14,light rain,0.19,0.0
279,Itanhaem,BR,2020-01-17 23:50:06,-24.18,-46.79,62.6,93,75,13.87,broken clouds,0.0,0.0
280,Axim,GH,2020-01-17 23:49:06,4.87,-2.24,78.17,88,0,3.56,clear sky,0.0,0.0
281,San Pedro,PH,2020-01-17 23:50:08,14.35,121.02,78.8,83,40,4.7,scattered clouds,0.0,0.0
282,Shenjiamen,CN,2020-01-17 23:50:10,29.96,122.3,42.91,72,100,21.52,overcast clouds,0.0,0.0
283,Terney,RU,2020-01-17 23:50:10,45.05,136.61,9.25,62,0,5.41,clear sky,0.0,0.0
284,Vila Velha,BR,2020-01-17 23:48:09,-20.33,-40.29,80.6,83,75,5.82,broken clouds,0.0,0.0
285,Atambua,ID,2020-01-17 23:50:11,-9.11,124.89,81.07,78,91,1.81,light rain,0.25,0.0
286,Khartoum,SD,2020-01-17 23:50:12,15.55,32.53,66.2,25,37,12.75,scattered clouds,0.0,0.0
287,Leningradskiy,RU,2020-01-17 23:44:10,69.38,178.42,-5.48,99,100,9.06,overcast clouds,0.0,0.0
288,Puerto El Triunfo,SV,2020-01-17 23:50:13,13.28,-88.55,91.4,55,20,4.7,few clouds,0.0,0.0
289,High Level,CA,2020-01-17 23:50:14,58.52,-117.14,-16.6,68,90,8.05,light snow,0.0,0.0
290,Bilibino,RU,2020-01-17 23:50:14,68.05,166.44,-25.28,89,6,3.18,clear sky,0.0,0.0
291,Barao De Cocais,BR,2020-01-17 23:50:15,-19.95,-43.49,75.2,73,75,9.17,broken clouds,0.0,0.0
292,Airai,TL,2020-01-17 23:44:21,-8.93,125.41,75.76,77,73,1.54,broken clouds,0.0,0.0
293,Yeniseysk,RU,2020-01-17 23:50:16,58.45,92.17,22.19,92,100,10.45,light snow,0.0,0.38
294,Smithers,CA,2020-01-17 23:50:17,54.78,-127.17,1.4,59,90,6.93,overcast clouds,0.0,0.0
295,Clyde River,CA,2020-01-17 23:50:18,70.47,-68.59,-18.4,75,40,8.05,scattered clouds,0.0,0.0
296,Opuwo,NA,2020-01-17 23:50:18,-18.06,13.84,71.82,61,58,11.83,broken clouds,0.0,0.0
297,San Isidro,PE,2020-01-17 23:50:19,-12.12,-77.05,73.4,78,40,17.22,scattered clouds,0.0,0.0
298,Aksu,CN,2020-01-17 23:50:19,41.12,80.26,18.73,80,0,2.04,clear sky,0.0,0.0
299,Maniitsoq,GL,2020-01-17 23:50:20,65.42,-52.9,13.89,46,96,6.31,overcast clouds,0.0,0.0
300,Castelo Do Piaui,BR,2020-01-17 23:50:20,-5.32,-41.55,74.05,89,95,4.38,light rain,0.31,0.0
301,Gat,IL,2020-01-17 23:50:21,31.61,34.76,57.2,82,40,5.82,scattered clouds,0.0,0.0
302,Ahipara,NZ,2020-01-17 23:50:22,-35.17,173.17,86.0,52,0,1.99,clear sky,0.0,0.0
303,Moree,AU,2020-01-17 23:50:22,-29.47,149.85,73.4,78,90,6.93,overcast clouds,0.0,0.0
304,Haines Junction,CA,2020-01-17 23:50:23,60.75,-137.51,-22.9,87,0,3.8,clear sky,0.0,0.0
305,Cockburn Town,TC,2020-01-17 23:50:24,21.46,-71.14,76.46,72,0,20.42,clear sky,0.0,0.0
306,Akyab,MM,2020-01-17 23:50:24,20.15,92.9,65.77,66,0,5.01,clear sky,0.0,0.0
307,Fortuna,US,2020-01-17 23:43:40,40.6,-124.16,51.8,53,90,4.7,overcast clouds,0.0,0.0
308,Amursk,RU,2020-01-17 23:50:25,50.23,136.9,-4.45,98,100,5.39,overcast clouds,0.0,0.0
309,Itarema,BR,2020-01-17 23:50:26,-2.92,-39.92,77.61,88,100,2.33,overcast clouds,0.0,0.0
310,Inhambane,MZ,2020-01-17 23:50:26,-23.86,35.38,82.17,82,41,10.27,scattered clouds,0.0,0.0
311,Klaksvik,FO,2020-01-17 23:50:27,62.23,-6.59,41.0,80,100,26.4,light rain,0.0,0.0
312,Makakilo City,US,2020-01-17 23:50:27,21.35,-158.09,78.8,73,90,23.04,haze,0.0,0.0
313,Dubti,ET,2020-01-17 23:50:28,11.74,41.09,65.12,62,0,3.18,clear sky,0.0,0.0
314,Mae Sai,TH,2020-01-17 23:50:29,20.43,99.88,57.99,100,0,2.24,clear sky,0.0,0.0
315,Sao Filipe,CV,2020-01-17 23:50:30,14.9,-24.5,70.41,73,1,16.13,clear sky,0.0,0.0
316,Freetown,SL,2020-01-17 23:50:30,8.48,-13.23,72.0,85,0,0.31,clear sky,0.0,0.0
317,Miyako,JP,2020-01-17 23:50:31,39.64,141.95,33.03,75,94,8.75,overcast clouds,0.0,0.0
318,Dakar,SN,2020-01-17 23:45:43,14.69,-17.44,69.8,60,0,11.41,clear sky,0.0,0.0
319,Mokrousovo,RU,2020-01-17 23:50:32,55.81,66.77,-1.77,77,0,3.87,clear sky,0.0,0.0
320,Lerwick,GB,2020-01-17 23:50:33,60.15,-1.15,46.4,75,52,28.86,light rain,0.25,0.0
321,Saskylakh,RU,2020-01-17 23:45:16,71.92,114.08,-6.83,93,33,12.21,scattered clouds,0.0,0.0
322,Samarai,PG,2020-01-17 23:50:34,-10.62,150.67,88.45,56,1,6.11,clear sky,0.0,0.0
323,Baruun-Urt,MN,2020-01-17 23:50:35,46.68,113.28,-2.67,98,99,7.9,overcast clouds,0.0,0.0
324,Primorsk,UA,2020-01-17 23:50:36,46.73,36.34,35.02,87,85,15.79,overcast clouds,0.0,0.0
325,Kalaleh,IR,2020-01-17 23:50:37,37.38,55.49,39.2,80,42,2.24,scattered clouds,0.0,0.0
326,Warrington,GB,2020-01-17 23:50:37,53.39,-2.58,42.01,93,40,11.41,shower rain,0.0,0.0
327,Half Moon Bay,US,2020-01-17 23:49:53,37.46,-122.43,57.0,71,1,10.29,clear sky,0.0,0.0
328,Hare Bay,CA,2020-01-17 23:50:38,48.85,-54.01,15.8,85,90,34.43,snow,0.0,0.0
329,Lagoa,PT,2020-01-17 23:50:39,39.05,-27.98,61.48,87,20,11.25,few clouds,0.0,0.0
330,Baie-Saint-Paul,CA,2020-01-17 23:50:40,47.44,-70.5,-14.64,86,0,6.04,clear sky,0.0,0.0
331,Vilyuysk,RU,2020-01-17 23:50:40,63.76,121.62,-1.39,97,98,4.97,light snow,0.0,0.25
332,Parkes,AU,2020-01-17 23:50:41,-33.13,148.18,84.0,43,98,5.01,overcast clouds,0.0,0.0
333,Umm Kaddadah,SD,2020-01-17 23:50:42,13.6,26.69,61.86,30,38,14.32,scattered clouds,0.0,0.0
334,San Francisco,US,2020-01-17 23:47:37,37.77,-122.42,57.0,71,1,10.29,light rain,0.0,0.0
335,Blairmore,CA,2020-01-17 23:50:43,49.6,-114.44,24.8,63,1,5.99,clear sky,0.0,0.0
336,Ketchikan,US,2020-01-17 23:50:44,55.34,-131.65,26.6,49,90,6.93,overcast clouds,0.0,0.0
337,Polyarnyy,RU,2020-01-17 23:49:33,69.2,33.45,-13.0,75,40,2.24,mist,0.0,0.0
338,Sabang,ID,2020-01-17 23:45:12,5.89,95.32,82.04,77,5,21.39,clear sky,0.0,0.0
339,Barkot,IN,2020-01-17 23:50:46,30.82,78.2,31.23,87,100,5.1,light snow,0.0,0.25
340,La Plata,AR,2020-01-17 23:50:47,-34.92,-57.95,75.2,50,0,10.29,clear sky,0.0,0.0
341,Hanzhong,CN,2020-01-17 23:50:48,33.07,107.03,34.97,78,94,0.81,overcast clouds,0.0,0.0
342,Midyat,TR,2020-01-17 23:50:49,37.42,41.34,33.8,100,90,4.7,mist,0.0,0.0
343,Cangucu,BR,2020-01-17 23:50:50,-31.39,-52.68,66.99,68,18,1.99,few clouds,0.0,0.0
344,Kupang,ID,2020-01-17 23:50:51,-10.17,123.58,82.4,88,40,5.82,scattered clouds,0.0,0.0
345,Vila Franca Do Campo,PT,2020-01-17 23:50:52,37.72,-25.43,62.6,93,75,4.7,broken clouds,0.0,0.0
346,Jizan,SA,2020-01-17 23:50:53,17.33,42.67,75.2,64,32,9.17,scattered clouds,0.0,0.0
347,Sidi Bin Nur,TN,2020-01-17 23:50:53,35.53,10.92,53.01,66,20,8.05,few clouds,0.0,0.0
348,Yuli,NG,2020-01-17 23:50:54,9.7,10.27,73.09,26,1,10.63,clear sky,0.0,0.0
349,Chara,RU,2020-01-17 23:48:21,56.91,118.26,-7.82,75,99,0.63,overcast clouds,0.0,0.0
350,Taywarah,AF,2020-01-17 23:50:55,33.35,64.42,4.35,45,0,3.47,clear sky,0.0,0.0
351,Hervey Bay,AU,2020-01-17 23:50:56,-25.3,152.85,86.0,69,40,9.17,scattered clouds,0.0,0.0
352,Konstantinovka,RU,2020-01-17 23:50:56,49.62,127.98,-3.77,91,95,5.53,overcast clouds,0.0,0.0
353,Vostok,RU,2020-01-17 23:50:57,46.49,135.88,-0.15,87,0,2.24,clear sky,0.0,0.0
354,Hualmay,PE,2020-01-17 23:50:58,-11.1,-77.61,70.09,77,0,6.08,clear sky,0.0,0.0
355,Tigil,RU,2020-01-17 23:50:58,57.8,158.67,5.58,86,48,5.57,scattered clouds,0.0,0.0
356,Gravatai,BR,2020-01-17 23:50:59,-29.94,-50.99,73.4,60,15,11.41,few clouds,0.0,0.0
357,Padang,ID,2020-01-17 23:51:00,-0.95,100.35,68.74,91,67,5.44,broken clouds,0.0,0.0
358,Alekseyevsk,RU,2020-01-17 23:51:00,57.84,108.35,3.34,93,83,5.66,broken clouds,0.0,0.0
359,Asau,RO,2020-01-17 23:51:01,46.43,26.4,33.01,82,90,9.17,mist,0.0,0.0
360,Ambovombe,MG,2020-01-17 23:51:02,-25.17,46.08,70.52,98,13,3.31,few clouds,0.0,0.0
361,Piripiri,BR,2020-01-17 23:51:02,-4.27,-41.78,75.18,94,93,4.32,moderate rain,7.81,0.0
362,Gao,ML,2020-01-17 23:51:03,16.64,1.64,63.81,20,0,12.26,clear sky,0.0,0.0
363,Ancud,CL,2020-01-17 23:43:31,-41.87,-73.82,71.6,60,0,14.99,clear sky,0.0,0.0
364,Mozarlandia,BR,2020-01-17 23:50:31,-14.74,-50.57,79.2,83,74,3.31,broken clouds,0.0,0.0
365,Alexandria,EG,2020-01-17 23:49:10,31.22,29.96,59.0,82,40,11.41,scattered clouds,0.0,0.0
366,Trincomalee,LK,2020-01-17 23:47:20,8.57,81.23,72.84,97,24,2.71,light rain,0.13,0.0
367,Nome,US,2020-01-17 23:49:47,64.5,-165.41,8.6,60,1,10.29,clear sky,0.0,0.0
368,Okhotsk,RU,2020-01-17 23:51:06,59.38,143.3,-19.3,71,1,8.57,clear sky,0.0,0.0
369,Imeni Babushkina,RU,2020-01-17 23:51:07,59.76,43.13,34.36,92,100,7.81,overcast clouds,0.0,0.0
370,Hambantota,LK,2020-01-17 23:44:04,6.12,81.12,78.51,85,100,16.73,overcast clouds,0.0,0.0
371,Pevek,RU,2020-01-17 23:45:15,69.7,170.31,-17.75,98,54,2.93,broken clouds,0.0,0.0
372,Coahuayana,MX,2020-01-17 23:51:08,18.73,-103.68,86.0,42,20,11.41,few clouds,0.0,0.0
373,Constitucion,CL,2020-01-17 23:43:30,-35.33,-72.42,57.52,88,21,3.18,few clouds,0.0,0.0
374,Tarakan,ID,2020-01-17 23:51:09,3.3,117.63,78.17,89,98,5.66,light rain,1.06,0.0
375,Beringovskiy,RU,2020-01-17 23:51:10,63.05,179.32,29.95,97,100,18.9,snow,0.0,2.19
376,Santa Isabel Do Rio Negro,BR,2020-01-17 23:51:10,-0.41,-65.02,76.03,98,84,2.3,light rain,0.63,0.0
377,Avera,US,2020-01-17 23:44:17,33.19,-82.53,51.8,39,1,4.7,clear sky,0.0,0.0
378,Ruidoso,US,2020-01-17 23:51:11,33.33,-105.67,63.0,39,1,27.51,clear sky,0.0,0.0
379,Lamar,US,2020-01-17 23:51:12,33.67,-95.58,55.4,93,90,10.29,mist,0.0,0.0
380,Tandil,AR,2020-01-17 23:51:13,-37.32,-59.13,72.0,43,0,9.17,clear sky,0.0,0.0
381,Porto Walter,BR,2020-01-17 23:50:57,-8.27,-72.74,75.79,83,99,0.6,overcast clouds,0.0,0.0
382,Kidal,ML,2020-01-17 23:51:15,18.44,1.41,62.24,30,55,13.6,broken clouds,0.0,0.0
383,Hokitika,NZ,2020-01-17 23:49:18,-42.72,170.97,60.57,77,0,11.07,clear sky,0.0,0.0
384,Pangnirtung,CA,2020-01-17 23:48:21,66.15,-65.71,-18.4,61,40,1.3,scattered clouds,0.0,0.0
385,Penzance,GB,2020-01-17 23:48:14,50.12,-5.54,46.99,75,0,11.41,clear sky,0.0,0.0
386,Nouadhibou,MR,2020-01-17 23:51:34,20.93,-17.03,68.0,34,41,14.99,scattered clouds,0.0,0.0
387,Road Town,VG,2020-01-17 23:47:24,18.42,-64.62,78.8,73,20,6.93,few clouds,0.0,0.0
388,Urumqi,CN,2020-01-17 23:51:36,43.8,87.6,6.8,84,0,2.24,clear sky,0.0,0.0
389,Haukipudas,FI,2020-01-17 23:51:36,65.17,25.5,32.0,98,90,6.93,light shower snow,0.0,0.0
390,Daura,NG,2020-01-17 23:51:37,11.55,11.41,66.29,29,0,11.23,clear sky,0.0,0.0
391,Fuxin,CN,2020-01-17 23:51:38,42.02,121.66,10.02,75,0,1.5,clear sky,0.0,0.0
392,Pijijiapan,MX,2020-01-17 23:51:38,15.7,-93.23,79.2,60,0,1.7,clear sky,0.0,0.0
393,Krynychky,UA,2020-01-17 23:51:39,48.38,34.47,30.2,86,29,8.95,scattered clouds,0.0,0.0
394,Cancun,MX,2020-01-17 23:50:08,21.17,-86.85,78.8,74,75,11.41,broken clouds,0.0,0.0
395,Fort Nelson,CA,2020-01-17 23:51:41,58.81,-122.7,-18.4,75,75,1.86,light snow,0.0,0.0
396,Jalu,LY,2020-01-17 23:51:42,29.03,21.55,57.69,61,94,11.32,overcast clouds,0.0,0.0
397,Ailigandi,PA,2020-01-17 23:51:42,9.23,-78.02,75.94,92,61,7.9,light rain,0.13,0.0
398,Springbok,ZA,2020-01-17 23:51:43,-29.66,17.89,61.09,73,24,4.61,few clouds,0.0,0.0
399,Sioux Lookout,CA,2020-01-17 23:51:44,50.1,-91.92,14.0,78,90,8.05,overcast clouds,0.0,0.0
400,San Andres,CO,2020-01-17 23:51:11,12.58,-81.7,82.4,74,75,21.92,broken clouds,0.0,0.0
401,Martapura,ID,2020-01-17 23:51:45,-3.42,114.85,79.39,83,83,0.65,broken clouds,0.0,0.0
402,Gasa,PS,2020-01-17 23:48:39,31.5,34.47,57.2,82,40,5.82,scattered clouds,0.0,0.0
403,Pangoa,PE,2020-01-17 23:51:46,-12.12,-73.0,72.63,95,94,1.48,light rain,1.38,0.0
404,Apac,UG,2020-01-17 23:51:47,1.98,32.54,78.04,39,100,2.84,overcast clouds,0.0,0.0
405,Mackay,AU,2020-01-17 23:51:47,-21.15,149.2,89.01,65,45,4.7,light rain,0.62,0.0
406,Talcahuano,CL,2020-01-17 23:50:09,-36.72,-73.12,66.2,52,0,5.82,clear sky,0.0,0.0
407,Kazuno,JP,2020-01-17 23:51:48,40.18,140.79,26.6,92,40,4.7,scattered clouds,0.0,0.0
408,Salamiyah,SY,2020-01-17 23:51:49,35.01,37.05,42.91,87,96,8.03,overcast clouds,0.0,0.0
409,Soyo,AO,2020-01-17 23:45:47,-6.13,12.37,80.4,84,88,7.45,overcast clouds,0.0,0.0
410,Broken Hill,AU,2020-01-17 23:51:51,-31.95,141.43,66.2,45,33,11.41,scattered clouds,0.0,0.0
411,Pemberton,CA,2020-01-17 23:51:52,50.32,-122.8,12.0,78,20,0.98,few clouds,0.0,0.0
412,Sakaiminato,JP,2020-01-17 23:51:53,35.55,133.23,46.4,61,75,18.34,broken clouds,0.0,0.0
413,Bonavista,CA,2020-01-17 23:51:53,48.65,-53.11,23.0,89,100,30.0,snow,0.0,7.38
414,Chemal,RU,2020-01-17 23:51:55,51.41,86.0,17.17,76,100,12.48,light snow,0.0,0.25
415,Almaznyy,RU,2020-01-17 23:51:56,48.04,40.05,35.6,80,75,11.18,broken clouds,0.0,0.0
416,Kutum,SD,2020-01-17 23:51:57,14.2,24.67,52.34,34,28,4.23,scattered clouds,0.0,0.0
417,Nanchang,CN,2020-01-17 23:51:03,28.68,115.88,41.05,86,39,4.74,scattered clouds,0.0,0.0
418,Vardo,NO,2020-01-17 23:45:29,70.37,31.11,14.0,78,20,13.87,few clouds,0.0,0.0
419,Porangatu,BR,2020-01-17 23:51:59,-13.44,-49.15,76.55,77,100,0.78,overcast clouds,0.0,0.0
420,Geraldton,AU,2020-01-17 23:43:39,-28.77,114.6,71.6,73,90,10.29,overcast clouds,0.0,0.0
421,Valdivia,CL,2020-01-17 23:52:00,-39.81,-73.25,78.8,47,0,12.75,clear sky,0.0,0.0
422,Mweka,CD,2020-01-17 23:52:00,-4.85,21.57,70.14,98,59,1.36,moderate rain,3.13,0.0
423,Tutayev,RU,2020-01-17 23:52:01,57.89,39.54,37.4,86,90,8.95,overcast clouds,0.0,0.0
424,Tumut,AU,2020-01-17 23:52:02,-35.3,148.22,79.07,38,16,2.75,few clouds,0.0,0.0
425,Shenzhen,CN,2020-01-17 23:50:43,22.55,114.07,62.01,59,20,4.7,few clouds,0.0,0.0
426,Umm Lajj,SA,2020-01-17 23:52:03,25.02,37.27,58.24,68,47,9.84,scattered clouds,0.0,0.0
427,Vrangel,RU,2020-01-17 23:52:03,42.73,133.08,23.02,54,76,4.14,broken clouds,0.0,0.0
428,Brindisi,IT,2020-01-17 23:52:04,40.58,17.67,46.99,87,20,5.82,few clouds,0.0,0.0
429,Rio Gallegos,AR,2020-01-17 23:50:25,-51.62,-69.22,59.0,41,20,34.45,few clouds,0.0,0.0
430,Santiago De Cao,PE,2020-01-17 23:52:05,-7.96,-79.24,71.6,78,0,12.75,clear sky,0.0,0.0
431,Vao,NC,2020-01-17 23:52:06,-22.67,167.48,77.18,80,22,20.54,light rain,0.19,0.0
432,Mahbubabad,IN,2020-01-17 23:52:07,17.62,80.02,65.59,98,19,5.41,few clouds,0.0,0.0
433,Yurimaguas,PE,2020-01-17 23:52:07,-5.9,-76.08,86.0,74,40,6.93,scattered clouds,0.0,0.0
434,Sinnamary,GF,2020-01-17 23:52:08,5.38,-52.95,79.41,82,92,16.26,light rain,0.19,0.0
435,Whitianga,NZ,2020-01-17 23:52:08,-36.83,175.7,75.99,62,0,3.0,clear sky,0.0,0.0
436,Marawi,PH,2020-01-17 23:52:09,8.0,124.29,75.99,79,17,3.0,few clouds,0.0,0.0
437,Humaita,BR,2020-01-17 23:52:10,-7.51,-63.02,76.48,95,100,1.9,light rain,0.19,0.0
438,Lahr,DE,2020-01-17 23:52:10,48.35,7.87,48.2,81,90,5.82,light rain,0.0,0.0
439,Malinyi,TZ,2020-01-17 23:52:12,-8.93,36.13,73.15,98,100,2.39,light rain,0.88,0.0
440,Husavik,IS,2020-01-17 23:45:05,66.04,-17.34,30.2,58,40,24.16,scattered clouds,0.0,0.0
441,Gazojak,TM,2020-01-17 23:52:13,41.19,61.4,31.06,66,0,11.27,clear sky,0.0,0.0
442,Corrales,US,2020-01-17 23:52:14,35.24,-106.61,51.01,49,1,21.92,clear sky,0.0,0.0
443,Toppenish,US,2020-01-17 23:52:15,46.38,-120.31,33.01,86,1,1.16,clear sky,0.0,0.0
444,Elk City,US,2020-01-17 23:52:17,35.41,-99.4,42.01,93,90,12.75,overcast clouds,0.0,0.0
445,Tautira,PF,2020-01-17 23:52:18,-17.73,-149.15,87.8,58,75,24.16,broken clouds,0.0,0.0
446,Kasongo-Lunda,CD,2020-01-17 23:52:19,-6.47,16.82,69.49,85,84,1.39,broken clouds,0.0,0.0
447,Am Timan,TD,2020-01-17 23:52:20,11.03,20.28,69.6,26,28,4.0,scattered clouds,0.0,0.0
448,Dawei,MM,2020-01-17 23:52:20,14.08,98.2,77.7,68,0,5.5,clear sky,0.0,0.0
449,Dumas,US,2020-01-17 23:52:21,35.87,-101.97,60.8,62,1,19.46,clear sky,0.0,0.0
450,Comodoro Rivadavia,AR,2020-01-17 23:52:25,-45.87,-67.5,86.0,23,40,16.11,scattered clouds,0.0,0.0
451,Bartica,GY,2020-01-17 23:52:28,6.4,-58.62,78.8,88,40,6.93,scattered clouds,0.0,0.0
452,Khani,GE,2020-01-17 23:52:31,41.96,42.96,30.2,92,75,3.36,broken clouds,0.0,0.0
453,Ulladulla,AU,2020-01-17 23:52:35,-35.35,150.47,69.01,93,100,14.99,light rain,0.12,0.0
454,Bjornevatn,NO,2020-01-17 23:52:37,69.67,29.98,14.0,84,0,8.05,clear sky,0.0,0.0
455,Torquay,GB,2020-01-17 23:52:38,50.46,-3.51,41.0,93,20,3.36,few clouds,0.0,0.0
456,Muret,FR,2020-01-17 23:52:39,43.33,1.25,42.8,87,4,9.17,clear sky,0.0,0.0
457,Buraydah,SA,2020-01-17 23:52:41,26.33,43.98,62.6,36,40,4.7,scattered clouds,0.0,0.0
458,Bull Savanna,JM,2020-01-17 23:52:45,17.89,-77.59,66.81,80,0,7.78,clear sky,0.0,0.0
459,Huicheng,CN,2020-01-17 23:52:46,23.04,116.29,53.6,66,75,6.71,broken clouds,0.0,0.0
460,Bay Roberts,CA,2020-01-17 23:52:46,47.6,-53.26,25.0,92,90,37.87,heavy snow,0.0,0.0
461,Necochea,AR,2020-01-17 23:40:49,-38.55,-58.74,68.0,50,0,5.01,clear sky,0.0,0.0
462,Sao Paulo De Olivenca,BR,2020-01-17 23:52:47,-3.38,-68.87,76.39,94,85,1.61,light rain,2.06,0.0
463,Tyukhtet,RU,2020-01-17 23:52:48,56.54,89.3,22.84,91,100,19.91,light snow,0.0,0.37
464,Rumilly,FR,2020-01-17 23:52:48,45.87,5.95,43.0,100,90,3.36,mist,0.0,0.0
465,Arman,RU,2020-01-17 23:52:50,59.7,150.17,0.88,80,100,7.7,overcast clouds,0.0,0.0
466,Imbituba,BR,2020-01-17 23:52:51,-28.24,-48.67,71.6,64,75,4.7,broken clouds,0.0,0.0
467,Nkhotakota,MW,2020-01-17 23:53:19,-12.93,34.3,78.87,77,100,5.77,moderate rain,3.19,0.0
468,Poum,NC,2020-01-17 23:44:30,-20.23,164.02,79.21,78,0,15.73,clear sky,0.0,0.0
469,Camacha,PT,2020-01-17 23:53:21,33.08,-16.33,62.6,82,20,2.24,few clouds,0.0,0.0
470,Mirzapur,IN,2020-01-17 23:53:21,25.15,82.58,59.0,100,90,2.24,fog,0.0,0.0
471,Buta,CD,2020-01-17 23:53:23,2.79,24.73,74.91,49,94,1.61,overcast clouds,0.0,0.0
472,Molina,CL,2020-01-17 23:53:23,-35.12,-71.28,87.8,27,0,10.29,clear sky,0.0,0.0
473,Kismayo,SO,2020-01-17 23:45:13,-0.36,42.55,80.15,75,33,19.26,scattered clouds,0.0,0.0
474,Lokomotivnyy,RU,2020-01-17 23:53:25,53.01,60.57,23.18,92,100,7.34,overcast clouds,0.0,0.0
475,Lorengau,PG,2020-01-17 23:48:55,-2.02,147.27,84.76,75,39,27.29,scattered clouds,0.0,0.0
476,Jhargram,IN,2020-01-17 23:53:28,22.45,86.98,63.19,54,0,3.74,clear sky,0.0,0.0
477,Edea,CM,2020-01-17 23:53:29,3.8,10.13,80.6,94,40,2.24,scattered clouds,0.0,0.0
478,Foumban,CM,2020-01-17 23:53:29,5.73,10.9,65.89,40,48,2.44,scattered clouds,0.0,0.0
479,Torbay,CA,2020-01-17 23:53:30,47.67,-52.73,25.0,92,90,67.82,heavy snow,0.0,0.0
480,Cap Malheureux,MU,2020-01-17 23:48:42,-19.98,57.61,80.6,83,40,11.41,scattered clouds,0.0,0.0
481,Aasiaat,GL,2020-01-17 23:53:31,68.71,-52.87,-2.09,94,94,2.73,overcast clouds,0.0,0.0
482,Kieta,PG,2020-01-17 23:53:32,-6.22,155.63,84.96,64,25,5.3,scattered clouds,0.0,0.0
483,Coquimbo,CL,2020-01-17 23:53:33,-29.95,-71.34,77.0,72,50,12.75,scattered clouds,0.0,0.0
484,Ponta Delgada,PT,2020-01-17 23:53:34,37.73,-25.67,62.6,93,75,4.7,broken clouds,0.0,0.0
485,Waipawa,NZ,2020-01-17 23:53:35,-41.41,175.52,70.0,77,100,14.99,overcast clouds,0.0,0.0
486,Pirai Do Sul,BR,2020-01-17 23:53:36,-24.53,-49.95,64.99,99,98,3.0,overcast clouds,0.0,0.0
487,Ulaangom,MN,2020-01-17 23:53:38,49.98,92.07,-10.68,91,100,2.98,overcast clouds,0.0,0.0
488,Puerto Escondido,MX,2020-01-17 23:53:39,15.85,-97.07,82.4,74,20,1.23,few clouds,0.0,0.0
489,Pryozerne,UA,2020-01-17 23:53:40,45.27,36.33,39.06,75,100,18.66,overcast clouds,0.0,0.0
490,Sergeyevka,KZ,2020-01-17 23:53:41,53.88,67.42,9.81,92,72,6.71,broken clouds,0.0,0.0
491,Maldonado,UY,2020-01-17 23:53:42,-34.67,-54.92,64.4,63,0,4.7,clear sky,0.0,0.0
492,Chilca,PE,2020-01-17 23:53:42,-12.52,-76.74,73.4,78,40,17.22,scattered clouds,0.0,0.0
493,Pinotepa Nacional,MX,2020-01-17 23:53:43,16.32,-98.02,79.48,52,1,4.38,clear sky,0.0,0.0
494,Maceio,BR,2020-01-17 23:53:43,-9.67,-35.74,78.8,83,20,6.93,few clouds,0.0,0.0
495,Frankfort,ZA,2020-01-17 23:53:44,-27.27,28.48,63.99,46,30,5.14,scattered clouds,0.0,0.0
496,Alta Floresta,BR,2020-01-17 23:49:18,-9.88,-56.09,78.66,76,64,0.83,broken clouds,0.0,0.0
497,Brejo,BR,2020-01-17 23:53:46,-3.68,-42.75,74.98,96,99,3.4,light rain,2.06,0.0
498,Oceanside,US,2020-01-17 23:53:46,33.2,-117.38,61.0,51,1,5.82,clear sky,0.0,0.0
499,Vestmannaeyjar,IS,2020-01-17 23:53:47,63.44,-20.27,39.29,62,9,18.3,light snow,0.0,0.25
500,Fernandez,AR,2020-01-17 23:53:47,-27.92,-63.89,70.99,48,72,6.62,broken clouds,0.0,0.0
501,Preston,GB,2020-01-17 23:53:49,53.77,-2.72,43.0,93,40,11.41,shower rain,0.0,0.0
502,Rundu,NA,2020-01-17 23:53:49,-17.93,19.77,73.4,69,59,2.24,broken clouds,0.0,0.0
503,La Orilla,MX,2020-01-17 23:53:50,17.98,-102.23,80.73,70,86,3.53,overcast clouds,0.0,0.0
504,Matamoros,MX,2020-01-17 23:53:51,25.53,-103.25,73.4,46,90,6.93,overcast clouds,0.0,0.0
505,Yulara,AU,2020-01-17 23:53:52,-25.24,130.99,87.8,20,14,20.8,few clouds,0.0,0.0
506,Melilla,ES,2020-01-17 23:49:57,35.29,-2.94,57.2,58,62,5.82,broken clouds,0.0,0.0
507,Chunoyar,RU,2020-01-17 23:53:54,57.45,97.32,17.56,92,100,12.59,light snow,0.0,0.44
508,Coihaique,CL,2020-01-17 23:53:56,-45.58,-72.07,68.0,45,20,5.82,few clouds,0.0,0.0
509,Perth,AU,2020-01-17 23:53:40,-31.93,115.83,73.4,60,20,12.75,few clouds,0.0,0.0
510,Zavyalovo,RU,2020-01-17 23:53:57,54.51,82.45,28.4,86,90,20.13,light snow,0.0,0.0
511,Dabakala,CI,2020-01-17 23:53:58,8.37,-4.43,76.77,23,42,1.23,scattered clouds,0.0,0.0
512,Erenhot,CN,2020-01-17 23:53:58,43.65,111.98,13.95,88,100,15.57,overcast clouds,0.0,0.0
513,Richards Bay,ZA,2020-01-17 23:53:59,-28.78,32.04,80.11,84,0,17.05,clear sky,0.0,0.0
514,Oktyabrskiy,RU,2020-01-17 23:54:00,54.48,53.47,26.24,95,99,4.63,overcast clouds,0.0,0.0
515,Carbonia,IT,2020-01-17 23:54:00,39.17,8.52,53.6,81,40,3.36,scattered clouds,0.0,0.0
516,Ambagarh Chauki,IN,2020-01-17 23:54:01,20.78,80.72,62.67,87,42,4.25,scattered clouds,0.0,0.0
517,Cairns,AU,2020-01-17 23:51:34,-16.92,145.77,91.99,55,0,12.75,clear sky,0.0,0.0
518,Severo-Yeniseyskiy,RU,2020-01-17 23:54:03,60.37,93.04,15.13,88,100,11.3,overcast clouds,0.0,0.0
519,Havre-Saint-Pierre,CA,2020-01-17 23:50:05,50.23,-63.6,-2.2,49,1,6.93,clear sky,0.0,0.0
520,Tual,ID,2020-01-17 23:54:04,-5.67,132.75,83.01,80,97,10.02,light rain,1.94,0.0
521,Tera,NE,2020-01-17 23:54:05,14.01,0.75,67.17,18,17,10.36,few clouds,0.0,0.0
522,Las Choapas,MX,2020-01-17 23:54:06,17.93,-94.08,77.0,83,90,6.93,overcast clouds,0.0,0.0
